{
  "paragraph_split_v4.json": {
    "messy": {
      "n": 1380,
      "frac_split": 0.9985507246376811,
      "mean_prob": 0.9913707227301628
    },
    "ocr": {
      "n": 1264,
      "frac_split": 0.9984177215189873,
      "mean_prob": 0.9864708781289119
    },
    "wiki": {
      "n": 2875,
      "frac_split": 0.9464347826086956,
      "mean_prob": 0.8859674014453659
    },
    "edgar": {
      "n": 5,
      "frac_split": 0.8,
      "mean_prob": 0.7760430617495799
    }
  },
  "paragraph_split_v6.json": {
    "messy": {
      "n": 1380,
      "frac_split": 0.9978260869565218,
      "mean_prob": 0.990351625732203
    },
    "ocr": {
      "n": 1264,
      "frac_split": 0.9984177215189873,
      "mean_prob": 0.9852763475428689
    },
    "wiki": {
      "n": 2875,
      "frac_split": 0.9311304347826087,
      "mean_prob": 0.8868704431505895
    },
    "edgar": {
      "n": 5,
      "frac_split": 0.8,
      "mean_prob": 0.7784908803173001
    }
  }
}