{
  "messy": {
    "0.5": {
      "n": 1380,
      "frac_orig": 0.9978260869565218,
      "frac_filtered": 0.9978260869565218,
      "mean_prob": 0.990351625732203
    },
    "0.6": {
      "n": 1380,
      "frac_orig": 0.9971014492753624,
      "frac_filtered": 0.9971014492753624,
      "mean_prob": 0.990351625732203
    },
    "0.7": {
      "n": 1380,
      "frac_orig": 0.994927536231884,
      "frac_filtered": 0.994927536231884,
      "mean_prob": 0.990351625732203
    },
    "0.8": {
      "n": 1380,
      "frac_orig": 0.9920289855072464,
      "frac_filtered": 0.9920289855072464,
      "mean_prob": 0.990351625732203
    },
    "0.9": {
      "n": 1380,
      "frac_orig": 0.9789855072463768,
      "frac_filtered": 0.9789855072463768,
      "mean_prob": 0.990351625732203
    }
  },
  "ocr": {
    "0.5": {
      "n": 1260,
      "frac_orig": 0.9992063492063492,
      "frac_filtered": 0.9873015873015873,
      "mean_prob": 0.9871234434404854
    },
    "0.6": {
      "n": 1260,
      "frac_orig": 0.9968253968253968,
      "frac_filtered": 0.984920634920635,
      "mean_prob": 0.9871234434404854
    },
    "0.7": {
      "n": 1260,
      "frac_orig": 0.9928571428571429,
      "frac_filtered": 0.9809523809523809,
      "mean_prob": 0.9871234434404854
    },
    "0.8": {
      "n": 1260,
      "frac_orig": 0.9865079365079366,
      "frac_filtered": 0.9746031746031746,
      "mean_prob": 0.9871234434404854
    },
    "0.9": {
      "n": 1260,
      "frac_orig": 0.9666666666666667,
      "frac_filtered": 0.9547619047619048,
      "mean_prob": 0.9871234434404854
    }
  },
  "wiki": {
    "0.5": {
      "n": 2875,
      "frac_orig": 0.9311304347826087,
      "frac_filtered": 0.3819130434782609,
      "mean_prob": 0.8868704431505895
    },
    "0.6": {
      "n": 2875,
      "frac_orig": 0.8918260869565218,
      "frac_filtered": 0.3780869565217391,
      "mean_prob": 0.8868704431505895
    },
    "0.7": {
      "n": 2875,
      "frac_orig": 0.8093913043478261,
      "frac_filtered": 0.37321739130434783,
      "mean_prob": 0.8868704431505895
    },
    "0.8": {
      "n": 2875,
      "frac_orig": 0.7655652173913043,
      "frac_filtered": 0.36695652173913046,
      "mean_prob": 0.8868704431505895
    },
    "0.9": {
      "n": 2875,
      "frac_orig": 0.7220869565217392,
      "frac_filtered": 0.35443478260869565,
      "mean_prob": 0.8868704431505895
    }
  },
  "arxiv": {
    "0.5": {
      "n": 596,
      "frac_orig": 0.9983221476510067,
      "frac_filtered": 0.4983221476510067,
      "mean_prob": 0.9973161225516283
    },
    "0.6": {
      "n": 596,
      "frac_orig": 0.9983221476510067,
      "frac_filtered": 0.4983221476510067,
      "mean_prob": 0.9973161225516283
    },
    "0.7": {
      "n": 596,
      "frac_orig": 0.9983221476510067,
      "frac_filtered": 0.4983221476510067,
      "mean_prob": 0.9973161225516283
    },
    "0.8": {
      "n": 596,
      "frac_orig": 0.9983221476510067,
      "frac_filtered": 0.4983221476510067,
      "mean_prob": 0.9973161225516283
    },
    "0.9": {
      "n": 596,
      "frac_orig": 0.9983221476510067,
      "frac_filtered": 0.4983221476510067,
      "mean_prob": 0.9973161225516283
    }
  },
  "edgar": {
    "0.5": {
      "n": 85,
      "frac_orig": 0.9882352941176471,
      "frac_filtered": 0.8352941176470589,
      "mean_prob": 0.9825529211942634
    },
    "0.6": {
      "n": 85,
      "frac_orig": 0.9882352941176471,
      "frac_filtered": 0.8352941176470589,
      "mean_prob": 0.9825529211942634
    },
    "0.7": {
      "n": 85,
      "frac_orig": 0.9882352941176471,
      "frac_filtered": 0.8352941176470589,
      "mean_prob": 0.9825529211942634
    },
    "0.8": {
      "n": 85,
      "frac_orig": 0.9882352941176471,
      "frac_filtered": 0.8352941176470589,
      "mean_prob": 0.9825529211942634
    },
    "0.9": {
      "n": 85,
      "frac_orig": 0.9764705882352941,
      "frac_filtered": 0.8352941176470589,
      "mean_prob": 0.9825529211942634
    }
  }
}