{
  "messy": {
    "0.3": {
      "n": 2290,
      "frac_split": 1.0
    },
    "0.5": {
      "n": 2290,
      "frac_split": 1.0
    },
    "0.6": {
      "n": 2290,
      "frac_split": 1.0
    },
    "0.7": {
      "n": 2290,
      "frac_split": 1.0
    },
    "0.8": {
      "n": 2290,
      "frac_split": 0.9982532751091703
    },
    "0.9": {
      "n": 2290,
      "frac_split": 0.996943231441048
    }
  },
  "ocr": {
    "0.3": {
      "n": 2112,
      "frac_split": 1.0
    },
    "0.5": {
      "n": 2112,
      "frac_split": 1.0
    },
    "0.6": {
      "n": 2112,
      "frac_split": 1.0
    },
    "0.7": {
      "n": 2112,
      "frac_split": 0.9981060606060606
    },
    "0.8": {
      "n": 2112,
      "frac_split": 0.9976325757575758
    },
    "0.9": {
      "n": 2112,
      "frac_split": 0.9943181818181818
    }
  }
}