{
  "report": {
    "0": {
      "precision": 0.9874213836477987,
      "recall": 0.9751552795031055,
      "f1-score": 0.98125,
      "support": 483.0
    },
    "1": {
      "precision": 0.9752577319587629,
      "recall": 0.9874739039665971,
      "f1-score": 0.9813278008298755,
      "support": 479.0
    },
    "accuracy": 0.9812889812889813,
    "macro avg": {
      "precision": 0.9813395578032809,
      "recall": 0.9813145917348514,
      "f1-score": 0.9812889004149377,
      "support": 962.0
    },
    "weighted avg": {
      "precision": 0.9813648460604305,
      "recall": 0.9812889812889813,
      "f1-score": 0.9812887386668506,
      "support": 962.0
    }
  },
  "confusion_matrix": [
    [
      471,
      12
    ],
    [
      6,
      473
    ]
  ]
}