{
  "report": {
    "0": {
      "precision": 0.9941631172109165,
      "recall": 0.990880503144654,
      "f1-score": 0.9925190959918104,
      "support": 6360.0
    },
    "1": {
      "precision": 0.9777692602529705,
      "recall": 0.9857032457496137,
      "f1-score": 0.9817202232056956,
      "support": 2588.0
    },
    "accuracy": 0.9893831023692445,
    "macro avg": {
      "precision": 0.9859661887319435,
      "recall": 0.9882918744471338,
      "f1-score": 0.987119659598753,
      "support": 8948.0
    },
    "weighted avg": {
      "precision": 0.989421577000013,
      "recall": 0.9893831023692445,
      "f1-score": 0.9893957742695859,
      "support": 8948.0
    }
  },
  "confusion_matrix": [
    [
      6302,
      58
    ],
    [
      37,
      2551
    ]
  ]
}