{
  "edgar": {
    "0.3": {
      "n": 85,
      "frac_split": 0.8823529411764706
    },
    "0.5": {
      "n": 85,
      "frac_split": 0.8823529411764706
    },
    "0.6": {
      "n": 85,
      "frac_split": 0.8823529411764706
    },
    "0.7": {
      "n": 85,
      "frac_split": 0.8823529411764706
    },
    "0.8": {
      "n": 85,
      "frac_split": 0.8823529411764706
    },
    "0.9": {
      "n": 85,
      "frac_split": 0.8823529411764706
    }
  },
  "wiki": {
    "0.3": {
      "n": 3700,
      "frac_split": 0.9316216216216217
    },
    "0.5": {
      "n": 3700,
      "frac_split": 0.8140540540540541
    },
    "0.6": {
      "n": 3700,
      "frac_split": 0.7978378378378378
    },
    "0.7": {
      "n": 3700,
      "frac_split": 0.7743243243243243
    },
    "0.8": {
      "n": 3700,
      "frac_split": 0.7543243243243243
    },
    "0.9": {
      "n": 3700,
      "frac_split": 0.727027027027027
    }
  }
}