{
  "metadata": {
    "version": "5.0.0",
    "created_at": "2025-12-28T15:06:34.525635",
    "model_type": "logistic",
    "feature_count": 30,
    "training_samples": 266733,
    "cross_val_f1": 0.9638198751317176,
    "test_accuracy": 0.9788554182990609,
    "test_f1": 0.9624625623960067,
    "test_precision": 0.943929503916449,
    "test_recall": 0.9817379497623897,
    "hyperparameters": {
      "C": 10.0,
      "max_iter": 500,
      "penalty": "l2"
    },
    "feature_names": [
      "sentence_count",
      "avg_sentence_length",
      "comma_count",
      "total_words",
      "words_before_split",
      "words_after_split",
      "last_sentence_length",
      "first_sentence_length",
      "length_ratio",
      "starts_with_continuation",
      "starts_with_topic_shift",
      "ends_with_conjunction",
      "starts_with_pronoun",
      "lexical_overlap",
      "continuation_marker_count",
      "topic_shift_marker_count",
      "conclusion_marker_before",
      "starts_with_capital",
      "starts_with_number",
      "questions_before",
      "questions_after",
      "exclamations_before",
      "capitalization_ratio_before",
      "capitalization_ratio_after",
      "unclosed_quotes_before",
      "position_in_paragraph",
      "lexical_diversity_before",
      "lexical_diversity_after",
      "avg_word_length_before",
      "avg_word_length_after"
    ],
    "class_balance": {
      "no_split": 193085,
      "split": 73648
    }
  },
  "model": {
    "type": "logistic_regression",
    "weights": [
      0.14711020274962516,
      2.469102045359264,
      0.8510409319035273,
      -84.55693005711322,
      14.363244846738743,
      21.935117006721832,
      -2.384462481725075,
      -3.044154985324696,
      1.1049138671788346,
      -0.376224384663016,
      0.04141661995642461,
      0.4097827122052404,
      -0.4272017534861931,
      0.03509521051899977,
      -0.08859140846603651,
      0.1382346864121697,
      0.05844086139505336,
      -0.09257549758397701,
      0.36725770224225396,
      0.1509914561576724,
      0.2199664838070471,
      0.012360420705565003,
      0.23808361926667268,
      0.11399770857439447,
      0.054233231762602585,
      1.1744857109397837,
      -0.24130942587124465,
      0.21277565072992283,
      1.5873366470159427,
      0.16972130024198775
    ],
    "bias": -17.313056188750306
  },
  "scaler": {
    "mean": [
      6.128316759300048,
      11.664637990495676,
      5.016973934559905,
      74.77694412941806,
      17.145042317677824,
      20.788266334248732,
      10.50954139446824,
      11.451247973156628,
      2.2851060696675822,
      0.07319599223941589,
      0.00026243521130720854,
      5.154977364963025e-05,
      0.01925149728660737,
      0.0822740714236568,
      0.12221982698021426,
      0.025296879832791278,
      0.0018136147638551732,
      0.8949040705575811,
      0.05966183348485843,
      0.00696390578575914,
      0.008318258929826699,
      0.00017339469318511993,
      0.030688563188259375,
      0.030263018602079857,
      0.006195345524073744,
      0.26892985721505325,
      0.9469783737958785,
      0.9415526044289498,
      6.408341644606759,
      6.704882071097169
    ],
    "scale": [
      7.4414700907133895,
      7.927511712441756,
      7.802749521703559,
      168.42008003397493,
      28.047391621849442,
      30.72038794489995,
      8.269924551889273,
      10.935091660111285,
      5.320723909714292,
      0.2604579408642569,
      0.016197726354847626,
      0.0071796320428169375,
      0.13740770407387665,
      0.13815143740436922,
      0.3341263831519572,
      0.1584217912756299,
      0.04406294555509743,
      0.3066769881439641,
      0.23685923902194309,
      0.1857396700964345,
      0.21166610819598844,
      0.014194459687498245,
      0.06649946962841585,
      0.05859746924599932,
      0.07846631900318271,
      0.19133686831954316,
      0.09739578203578973,
      0.10191027319479005,
      3.661015125419189,
      3.560734223455324
    ]
  },
  "feature_names": [
    "sentence_count",
    "avg_sentence_length",
    "comma_count",
    "total_words",
    "words_before_split",
    "words_after_split",
    "last_sentence_length",
    "first_sentence_length",
    "length_ratio",
    "starts_with_continuation",
    "starts_with_topic_shift",
    "ends_with_conjunction",
    "starts_with_pronoun",
    "lexical_overlap",
    "continuation_marker_count",
    "topic_shift_marker_count",
    "conclusion_marker_before",
    "starts_with_capital",
    "starts_with_number",
    "questions_before",
    "questions_after",
    "exclamations_before",
    "capitalization_ratio_before",
    "capitalization_ratio_after",
    "unclosed_quotes_before",
    "position_in_paragraph",
    "lexical_diversity_before",
    "lexical_diversity_after",
    "avg_word_length_before",
    "avg_word_length_after"
  ]
}