{
  "metadata": {
    "version": "4.0.0",
    "created_at": "2025-12-28T14:46:10.264904",
    "model_type": "logistic",
    "feature_count": 30,
    "training_samples": 20000,
    "cross_val_f1": 0.9812317127806255,
    "test_accuracy": 0.9785,
    "test_f1": 0.9787339268051434,
    "test_precision": 0.9681996086105675,
    "test_recall": 0.9895,
    "hyperparameters": {
      "C": 10.0,
      "max_iter": 500,
      "penalty": "l2"
    },
    "feature_names": [
      "sentence_count",
      "avg_sentence_length",
      "comma_count",
      "total_words",
      "words_before_split",
      "words_after_split",
      "last_sentence_length",
      "first_sentence_length",
      "length_ratio",
      "starts_with_continuation",
      "starts_with_topic_shift",
      "ends_with_conjunction",
      "starts_with_pronoun",
      "lexical_overlap",
      "continuation_marker_count",
      "topic_shift_marker_count",
      "conclusion_marker_before",
      "starts_with_capital",
      "starts_with_number",
      "questions_before",
      "questions_after",
      "exclamations_before",
      "capitalization_ratio_before",
      "capitalization_ratio_after",
      "unclosed_quotes_before",
      "position_in_paragraph",
      "lexical_diversity_before",
      "lexical_diversity_after",
      "avg_word_length_before",
      "avg_word_length_after"
    ],
    "class_balance": {
      "no_split": 10000,
      "split": 10000
    }
  },
  "model": {
    "type": "logistic_regression",
    "weights": [
      -0.5077684873964254,
      1.8519316832642894,
      0.5570877249596796,
      -31.62734575297231,
      8.612482499751719,
      14.65017580418052,
      -1.980121578565873,
      -2.8260070344706163,
      1.1637767872895899,
      -0.5399326093121718,
      0.11507170599671601,
      0.15845975243989663,
      -0.6185805119135549,
      -0.02550364597448607,
      0.10105885742160316,
      0.20144668435252547,
      0.7970336549296896,
      -0.12131816632975397,
      0.5642033851776547,
      0.03907517422356266,
      0.05493308843323305,
      0.36243712457442745,
      0.22522833980548074,
      0.15469020662549113,
      0.11299547534060042,
      1.773578947257374,
      -0.35491578854275097,
      0.17134485285313059,
      0.5999532560931093,
      0.2849637032514004
    ],
    "bias": -2.532040860498277
  },
  "scaler": {
    "mean": [
      6.2746875,
      12.210529511369765,
      5.2305,
      74.240125,
      22.5365,
      27.303375,
      10.691625,
      10.9804375,
      3.1906303884737426,
      0.0681875,
      0.000125,
      6.25e-05,
      0.014375,
      0.09710067716956837,
      0.1513125,
      0.032875,
      0.0018125,
      0.857625,
      0.101125,
      0.0085625,
      0.0098125,
      0.0003125,
      0.029920384674769592,
      0.03152142820847803,
      0.0066875,
      0.31900017609263887,
      0.9146290652658791,
      0.9099416102916003,
      6.3579999657645825,
      6.661634523011744
    ],
    "scale": [
      6.271033350042619,
      8.871257080877138,
      6.604789531090203,
      139.36936343753683,
      37.63457742223209,
      30.6997815726664,
      8.213588123309922,
      11.123210184501762,
      6.8626515251664975,
      0.2520673815544818,
      0.011179641094416834,
      0.007905447093618375,
      0.11903091772729825,
      0.14272157210154196,
      0.3681603283133142,
      0.17970596644238312,
      0.04253486621290961,
      0.3494343420086682,
      0.30149416971977044,
      0.10718760932938703,
      0.12131040698863328,
      0.020914166102194286,
      0.05890414289273947,
      0.05499932891727843,
      0.08150323517352986,
      0.21176150795665322,
      0.11431732184656411,
      0.11941163297487926,
      2.077281161253418,
      2.111325622075462
    ]
  },
  "feature_names": [
    "sentence_count",
    "avg_sentence_length",
    "comma_count",
    "total_words",
    "words_before_split",
    "words_after_split",
    "last_sentence_length",
    "first_sentence_length",
    "length_ratio",
    "starts_with_continuation",
    "starts_with_topic_shift",
    "ends_with_conjunction",
    "starts_with_pronoun",
    "lexical_overlap",
    "continuation_marker_count",
    "topic_shift_marker_count",
    "conclusion_marker_before",
    "starts_with_capital",
    "starts_with_number",
    "questions_before",
    "questions_after",
    "exclamations_before",
    "capitalization_ratio_before",
    "capitalization_ratio_after",
    "unclosed_quotes_before",
    "position_in_paragraph",
    "lexical_diversity_before",
    "lexical_diversity_after",
    "avg_word_length_before",
    "avg_word_length_after"
  ]
}