{
  "metadata": {
    "version": "2.0.0",
    "created_at": "2025-12-28T13:56:51.605217",
    "model_type": "logistic",
    "feature_count": 30,
    "training_samples": 5000,
    "cross_val_f1": 0.5442645077291375,
    "test_accuracy": 0.571,
    "test_f1": 0.5063291139240507,
    "test_precision": 0.36065573770491804,
    "test_recall": 0.8494208494208494,
    "hyperparameters": {
      "C": 1.0,
      "max_iter": 500,
      "penalty": "l2"
    },
    "feature_names": [
      "sentence_count",
      "avg_sentence_length",
      "comma_count",
      "total_words",
      "words_before_split",
      "words_after_split",
      "last_sentence_length",
      "first_sentence_length",
      "length_ratio",
      "starts_with_continuation",
      "starts_with_topic_shift",
      "ends_with_conjunction",
      "starts_with_pronoun",
      "lexical_overlap",
      "continuation_marker_count",
      "topic_shift_marker_count",
      "conclusion_marker_before",
      "starts_with_capital",
      "starts_with_number",
      "questions_before",
      "questions_after",
      "exclamations_before",
      "capitalization_ratio_before",
      "capitalization_ratio_after",
      "unclosed_quotes_before",
      "position_in_paragraph",
      "lexical_diversity_before",
      "lexical_diversity_after",
      "avg_word_length_before",
      "avg_word_length_after"
    ],
    "class_balance": {
      "no_split": 3707,
      "split": 1293
    }
  },
  "model": {
    "type": "logistic_regression",
    "weights": [
      0.40555891411508604,
      0.12257791791354299,
      -0.31006242587412797,
      -0.23028949438919621,
      -0.0642177276583407,
      -0.1591920317874983,
      -0.6499157612321692,
      0.9147093013703742,
      0.9839542804528061,
      -2.193561512518228,
      0.0,
      0.0,
      -2.1608397451545494,
      -0.06810874730325998,
      0.1721949136362189,
      0.0,
      0.0,
      0.0,
      0.0,
      0.0,
      0.0,
      0.0,
      -0.08709235385395706,
      0.31670366698415686,
      0.0,
      -0.09638068920220146,
      -0.02162751957901678,
      0.03358816681340349,
      0.037904906814622406,
      -0.11040325785757633
    ],
    "bias": -1.212422554625144
  },
  "scaler": {
    "mean": [
      4.49975,
      8.10986665558815,
      1.00175,
      36.48575,
      18.365,
      18.12075,
      8.1065,
      8.12725,
      1.0182638912498951,
      0.117,
      0.0,
      0.0,
      0.11575,
      0.13090210093930363,
      0.2275,
      0.0,
      0.0,
      1.0,
      0.0,
      0.0,
      0.0,
      0.0,
      0.01737713773082942,
      0.01735421321261674,
      0.0,
      0.5012122674137354,
      0.9123923169896007,
      0.9136766246184707,
      6.2741897165775296,
      6.2625430257320405
    ],
    "scale": [
      1.1092790169745452,
      0.5306364272776676,
      0.9106299673852125,
      9.266164089713724,
      9.602592097970257,
      9.530906013464909,
      1.1025687053422168,
      1.0920427818999936,
      0.20950241527043112,
      0.32142028560748936,
      1.0,
      1.0,
      0.3199248935297183,
      0.1910961295588472,
      0.4192180220362729,
      1.0,
      1.0,
      1.0,
      1.0,
      1.0,
      1.0,
      1.0,
      0.0012235852056427313,
      0.0012269428216180607,
      1.0,
      0.211771363449536,
      0.14736745391808423,
      0.14589637433322727,
      0.7722372713382845,
      0.7742398196735139
    ]
  },
  "feature_names": [
    "sentence_count",
    "avg_sentence_length",
    "comma_count",
    "total_words",
    "words_before_split",
    "words_after_split",
    "last_sentence_length",
    "first_sentence_length",
    "length_ratio",
    "starts_with_continuation",
    "starts_with_topic_shift",
    "ends_with_conjunction",
    "starts_with_pronoun",
    "lexical_overlap",
    "continuation_marker_count",
    "topic_shift_marker_count",
    "conclusion_marker_before",
    "starts_with_capital",
    "starts_with_number",
    "questions_before",
    "questions_after",
    "exclamations_before",
    "capitalization_ratio_before",
    "capitalization_ratio_after",
    "unclosed_quotes_before",
    "position_in_paragraph",
    "lexical_diversity_before",
    "lexical_diversity_after",
    "avg_word_length_before",
    "avg_word_length_after"
  ]
}