{
  "report": {
    "0": {
      "precision": 0.9940072543762813,
      "recall": 0.9910377358490566,
      "f1-score": 0.9925202739941736,
      "support": 6360.0
    },
    "1": {
      "precision": 0.9781357882623706,
      "recall": 0.9853168469860897,
      "f1-score": 0.9817131857555341,
      "support": 2588.0
    },
    "accuracy": 0.9893831023692445,
    "macro avg": {
      "precision": 0.986071521319326,
      "recall": 0.9881772914175732,
      "f1-score": 0.9871167298748539,
      "support": 8948.0
    },
    "weighted avg": {
      "precision": 0.9894168035154408,
      "recall": 0.9893831023692445,
      "f1-score": 0.989394576144196,
      "support": 8948.0
    }
  },
  "confusion_matrix": [
    [
      6303,
      57
    ],
    [
      38,
      2550
    ]
  ]
}