{
  "messy_essays": {
    "n": 914,
    "frac_split": 1.0,
    "avg_prob_split": 0.9983818265989075
  },
  "ocr_synth": {
    "n": 846,
    "frac_split": 1.0,
    "avg_prob_split": 0.9975870210374745
  }
}